DriverNumber,BroadcastName,Abbrevation,DriverId,TeamName,TeamColor,TeamId,FirstName,LastName,FullName,HeadshotUrl,,Position,Q1,Q2,Q3
33,M VERSTAPPEN,VER,max_verstappen,Red Bull Racing,0600EF,red_bull,Max,Verstappen,Max Verstappen,https://www.formula1.com/content/dam/fom-website/drivers/M/MAXVER01_Max_Verstappen/maxver01.png.transform/1col/image.png,,1,01:31.0,01:31.1,01:30.0
44,L HAMILTON,HAM,hamilton,Mercedes,00D2BE,mercedes,Lewis,Hamilton,Lewis Hamilton,https://www.formula1.com/content/dam/fom-website/drivers/L/LEWHAM01_Lewis_Hamilton/lewham01.png.transform/1col/image.png,,2,01:31.2,01:30.8,01:30.2
77,V BOTTAS,BOT,bottas,Mercedes,00D2BE,mercedes,Valtteri,Bottas,Valtteri Bottas,https://www.formula1.com/content/dam/fom-website/drivers/V/VALBOT01_Valtteri_Bottas/valbot01.png.transform/1col/image.png,,3,01:31.7,01:30.7,01:30.4
11,S PEREZ,PER,perez,Red Bull Racing,0600EF,red_bull,Sergio,Perez,Sergio Perez,https://www.formula1.com/content/dam/fom-website/drivers/S/SERPER01_Sergio_Perez/serper01.png.transform/1col/image.png,,4,01:31.6,01:31.0,01:30.4
55,C SAINZ,SAI,sainz,Ferrari,DC0004,ferrari,Carlos,Sainz,Carlos Sainz,https://www.formula1.com/content/dam/fom-website/drivers/C/CARSAI01_Carlos_Sainz/carsai01.png.transform/1col/image.png,,5,01:32.1,01:31.1,01:30.8
10,P GASLY,GAS,gasly,AlphaTauri,2B4562,alphatauri,Pierre,Gasly,Pierre Gasly,https://www.formula1.com/content/dam/fom-website/drivers/P/PIEGAS01_Pierre_Gasly/piegas01.png.transform/1col/image.png,,6,01:31.9,01:31.4,01:30.9
16,C LECLERC,LEC,leclerc,Ferrari,DC0004,ferrari,Charles,Leclerc,Charles Leclerc,https://www.formula1.com/content/dam/fom-website/drivers/C/CHALEC01_Charles_Leclerc/chalec01.png.transform/1col/image.png,,7,01:32.2,01:31.6,01:31.0
4,L NORRIS,NOR,norris,McLaren,FF9800,mclaren,Lando,Norris,Lando Norris,https://www.formula1.com/content/dam/fom-website/drivers/L/LANNOR01_Lando_Norris/lannor01.png.transform/1col/image.png,,8,01:31.7,01:31.5,01:31.3
14,F ALONSO,ALO,alonso,Alpine,0090FF,alpine,Fernando,Alonso,Fernando Alonso,https://www.formula1.com/content/dam/fom-website/drivers/F/FERALO01_Fernando_Alonso/feralo01.png.transform/1col/image.png,,9,01:32.2,01:31.5,01:31.3
3,D RICCIARDO,RIC,ricciardo,McLaren,FF9800,mclaren,Daniel,Ricciardo,Daniel Ricciardo,https://www.formula1.com/content/dam/fom-website/drivers/D/DANRIC01_Daniel_Ricciardo/danric01.png.transform/1col/image.png,,10,01:32.2,01:31.6,01:31.4
31,E OCON,OCO,ocon,Alpine,0090FF,alpine,Esteban,Ocon,Esteban Ocon,https://www.formula1.com/content/dam/fom-website/drivers/E/ESTOCO01_Esteban_Ocon/estoco01.png.transform/1col/image.png,,11,01:32.1,01:31.7,01:30.8
5,S VETTEL,VET,vettel,Aston Martin,006F62,aston_martin,Sebastian,Vettel,Sebastian Vettel,https://www.formula1.com/content/dam/fom-website/drivers/S/SEBVET01_Sebastian_Vettel/sebvet01.png.transform/1col/image.png,,12,01:32.1,01:31.8,01:30.8
99,A GIOVINAZZI,GIO,giovinazzi,Alfa Romeo Racing,900000,alfa,Antonio,Giovinazzi,Antonio Giovinazzi,https://www.formula1.com/content/dam/fom-website/drivers/A/ANTGIO01_Antonio_Giovinazzi/antgio01.png.transform/1col/image.png,,13,01:32.7,01:31.8,01:30.8
63,G RUSSELL,RUS,russell,Williams,005AFF,williams,George,Russell,George Russell,https://www.formula1.com/content/dam/fom-website/drivers/G/GEORUS01_George_Russell/georus01.png.transform/1col/image.png,,14,01:33.1,01:32.1,01:30.8
47,M SCHUMACHER,MSC,mick_schumacher,Haas F1 Team,FFFFFF,haas,Mick,Schumacher,Mick Schumacher,https://www.formula1.com/content/dam/fom-website/drivers/M/MICSCH02_Mick_Schumacher/micsch02.png.transform/1col/image.png,,15,01:32.9,01:31.4,01:30.8
6,N LATIFI,LAT,latifi,Williams,005AFF,williams,Nicholas,Latifi,Nicholas Latifi,https://www.formula1.com/content/dam/fom-website/drivers/N/NICLAF01_Nicholas_Latifi/niclaf01.png.transform/1col/image.png,,16,01:33.1,01:31.4,01:30.8
7,K RAIKKONEN,RAI,raikkonen,Alfa Romeo Racing,900000,alfa,Kimi,Räikkönen,Kimi Räikkönen,https://www.formula1.com/content/dam/fom-website/drivers/K/KIMRAI01_Kimi_R%C3%A4ikk%C3%B6nen/kimrai01.png.transform/1col/image.png,,17,01:33.4,01:31.4,01:30.8
9,N MAZEPIN,MAZ,mazepin,Haas F1 Team,FFFFFF,haas,Nikita,Mazepin,Nikita Mazepin,https://www.formula1.com/content/dam/fom-website/drivers/N/NIKMAZ01_Nikita_Mazepin/nikmaz01.png.transform/1col/image.png,,18,01:33.6,01:31.4,01:30.8
18,L STROLL,STR,stroll,Aston Martin,006F62,aston_martin,Lance,Stroll,Lance Stroll,https://www.formula1.com/content/dam/fom-website/drivers/L/LANSTR01_Lance_Stroll/lanstr01.png.transform/1col/image.png,,19,01:32.3,01:31.4,01:30.8
22,Y TSUNODA,TSU,tsunoda,AlphaTauri,2B4562,alphatauri,Yuki,Tsunoda,Yuki Tsunoda,https://www.formula1.com/content/dam/fom-website/drivers/Y/YUKTSU01_Yuki_Tsunoda/yuktsu01.png.transform/1col/image.png,,20,01:32.3,01:31.4,01:30.8
33,M VERSTAPPEN,VER,max_verstappen,Red Bull Racing,0600EF,red_bull,Max,Verstappen,Max Verstappen,https://www.formula1.com/content/dam/fom-website/drivers/M/MAXVER01_Max_Verstappen/maxver01.png.transform/1col/image.png,,1,01:31.0,01:31.1,01:30.0
44,L HAMILTON,HAM,hamilton,Mercedes,00D2BE,mercedes,Lewis,Hamilton,Lewis Hamilton,https://www.formula1.com/content/dam/fom-website/drivers/L/LEWHAM01_Lewis_Hamilton/lewham01.png.transform/1col/image.png,,2,01:31.2,01:30.8,01:30.2
77,V BOTTAS,BOT,bottas,Mercedes,00D2BE,mercedes,Valtteri,Bottas,Valtteri Bottas,https://www.formula1.com/content/dam/fom-website/drivers/V/VALBOT01_Valtteri_Bottas/valbot01.png.transform/1col/image.png,,3,01:31.7,01:30.7,01:30.4
11,S PEREZ,PER,perez,Red Bull Racing,0600EF,red_bull,Sergio,Perez,Sergio Perez,https://www.formula1.com/content/dam/fom-website/drivers/S/SERPER01_Sergio_Perez/serper01.png.transform/1col/image.png,,4,01:31.6,01:31.0,01:30.4
55,C SAINZ,SAI,sainz,Ferrari,DC0004,ferrari,Carlos,Sainz,Carlos Sainz,https://www.formula1.com/content/dam/fom-website/drivers/C/CARSAI01_Carlos_Sainz/carsai01.png.transform/1col/image.png,,5,01:32.1,01:31.1,01:30.8
10,P GASLY,GAS,gasly,AlphaTauri,2B4562,alphatauri,Pierre,Gasly,Pierre Gasly,https://www.formula1.com/content/dam/fom-website/drivers/P/PIEGAS01_Pierre_Gasly/piegas01.png.transform/1col/image.png,,6,01:31.9,01:31.4,01:30.9
16,C LECLERC,LEC,leclerc,Ferrari,DC0004,ferrari,Charles,Leclerc,Charles Leclerc,https://www.formula1.com/content/dam/fom-website/drivers/C/CHALEC01_Charles_Leclerc/chalec01.png.transform/1col/image.png,,7,01:32.2,01:31.6,01:31.0
4,L NORRIS,NOR,norris,McLaren,FF9800,mclaren,Lando,Norris,Lando Norris,https://www.formula1.com/content/dam/fom-website/drivers/L/LANNOR01_Lando_Norris/lannor01.png.transform/1col/image.png,,8,01:31.7,01:31.5,01:31.3
14,F ALONSO,ALO,alonso,Alpine,0090FF,alpine,Fernando,Alonso,Fernando Alonso,https://www.formula1.com/content/dam/fom-website/drivers/F/FERALO01_Fernando_Alonso/feralo01.png.transform/1col/image.png,,9,01:32.2,01:31.5,01:31.3
3,D RICCIARDO,RIC,ricciardo,McLaren,FF9800,mclaren,Daniel,Ricciardo,Daniel Ricciardo,https://www.formula1.com/content/dam/fom-website/drivers/D/DANRIC01_Daniel_Ricciardo/danric01.png.transform/1col/image.png,,10,01:32.2,01:31.6,01:31.4
31,E OCON,OCO,ocon,Alpine,0090FF,alpine,Esteban,Ocon,Esteban Ocon,https://www.formula1.com/content/dam/fom-website/drivers/E/ESTOCO01_Esteban_Ocon/estoco01.png.transform/1col/image.png,,11,01:32.1,01:31.7,01:30.8
5,S VETTEL,VET,vettel,Aston Martin,006F62,aston_martin,Sebastian,Vettel,Sebastian Vettel,https://www.formula1.com/content/dam/fom-website/drivers/S/SEBVET01_Sebastian_Vettel/sebvet01.png.transform/1col/image.png,,12,01:32.1,01:31.8,01:30.8
99,A GIOVINAZZI,GIO,giovinazzi,Alfa Romeo Racing,900000,alfa,Antonio,Giovinazzi,Antonio Giovinazzi,https://www.formula1.com/content/dam/fom-website/drivers/A/ANTGIO01_Antonio_Giovinazzi/antgio01.png.transform/1col/image.png,,13,01:32.7,01:31.8,01:30.8
63,G RUSSELL,RUS,russell,Williams,005AFF,williams,George,Russell,George Russell,https://www.formula1.com/content/dam/fom-website/drivers/G/GEORUS01_George_Russell/georus01.png.transform/1col/image.png,,14,01:33.1,01:32.1,01:30.8
47,M SCHUMACHER,MSC,mick_schumacher,Haas F1 Team,FFFFFF,haas,Mick,Schumacher,Mick Schumacher,https://www.formula1.com/content/dam/fom-website/drivers/M/MICSCH02_Mick_Schumacher/micsch02.png.transform/1col/image.png,,15,01:32.9,01:31.4,01:30.8
6,N LATIFI,LAT,latifi,Williams,005AFF,williams,Nicholas,Latifi,Nicholas Latifi,https://www.formula1.com/content/dam/fom-website/drivers/N/NICLAF01_Nicholas_Latifi/niclaf01.png.transform/1col/image.png,,16,01:33.1,01:31.4,01:30.8
7,K RAIKKONEN,RAI,raikkonen,Alfa Romeo Racing,900000,alfa,Kimi,Räikkönen,Kimi Räikkönen,https://www.formula1.com/content/dam/fom-website/drivers/K/KIMRAI01_Kimi_R%C3%A4ikk%C3%B6nen/kimrai01.png.transform/1col/image.png,,17,01:33.4,01:31.4,01:30.8
9,N MAZEPIN,MAZ,mazepin,Haas F1 Team,FFFFFF,haas,Nikita,Mazepin,Nikita Mazepin,https://www.formula1.com/content/dam/fom-website/drivers/N/NIKMAZ01_Nikita_Mazepin/nikmaz01.png.transform/1col/image.png,,18,01:33.6,01:31.4,01:30.8
18,L STROLL,STR,stroll,Aston Martin,006F62,aston_martin,Lance,Stroll,Lance Stroll,https://www.formula1.com/content/dam/fom-website/drivers/L/LANSTR01_Lance_Stroll/lanstr01.png.transform/1col/image.png,,19,01:32.3,01:31.4,01:30.8
22,Y TSUNODA,TSU,tsunoda,AlphaTauri,2B4562,alphatauri,Yuki,Tsunoda,Yuki Tsunoda,https://www.formula1.com/content/dam/fom-website/drivers/Y/YUKTSU01_Yuki_Tsunoda/yuktsu01.png.transform/1col/image.png,,20,01:32.3,01:31.4,01:30.8
